{"cameraMode":{"drawMode":0,"name":"Shaded","section":"Shading Mode"},"sceneLighting":true,"audioPlay":false,"sceneViewState":{"m_AlwaysRefresh":false,"showFog":true,"showSkybox":true,"showFlares":true,"showImageEffects":true,"showParticleSystems":true,"showVisualEffectGraphs":true,"m_FxEnabled":true},"in2DMode":false,"pivot":{"x":9.340187072753907,"y":4.978885650634766,"z":-14.920467376708985},"rotation":{"x":0.06146064028143883,"y":-0.00449147867038846,"z":0.0002765721583273262,"w":0.9980997443199158},"size":14.89592170715332,"orthographic":true}