{"cameraMode":{"drawMode":0,"name":"Shaded","section":"Shading Mode"},"sceneLighting":false,"audioPlay":false,"sceneViewState":{"m_AlwaysRefresh":false,"showFog":true,"showSkybox":false,"showFlares":true,"showImageEffects":true,"showParticleSystems":true,"showVisualEffectGraphs":true,"m_FxEnabled":true},"in2DMode":false,"pivot":{"x":-0.37057197093963625,"y":1.456690788269043,"z":0.030826568603515626},"rotation":{"x":0.20819340646266938,"y":0.31747475266456606,"z":-0.07166066765785217,"w":0.9223516583442688},"size":8.50929069519043,"orthographic":false}