{"cameraMode":{"drawMode":0,"name":"Shaded","section":"Shading Mode"},"sceneLighting":true,"audioPlay":false,"sceneViewState":{"m_AlwaysRefresh":false,"showFog":true,"showSkybox":true,"showFlares":true,"showImageEffects":true,"showParticleSystems":true,"showVisualEffectGraphs":true,"m_FxEnabled":true},"in2DMode":false,"pivot":{"x":29.84100341796875,"y":0.17053604125976563,"z":8.936101913452149},"rotation":{"x":0.7590721249580383,"y":-0.002929473062977195,"z":0.003415829036384821,"w":0.650991678237915},"size":62.432708740234378,"orthographic":true}